Player,Season,Tm,Pos,Age,G,GS,Tgt,Rec,PassingYds,PassingTD,PassingAtt,RushingYds,RushingTD,RushingAtt,ReceivingYds,ReceivingTD,FantasyPoints,Int,Fumbles,FumblesLost
DeMarco Murray,2014,DAL,RB,26,16,16,64,57,0,0,0,1845,13,392,416,0,294,0,5,5
Le'Veon Bell,2014,PIT,RB,22,16,16,105,83,0,0,0,1361,8,290,854,3,288,0,0,0
Marshawn Lynch,2014,SEA,RB,28,16,14,48,37,0,0,0,1306,13,280,367,4,265,0,3,2
Antonio Brown,2014,PIT,WR,26,16,16,181,129,20,1,2,13,0,4,1698,13,258,0,2,2
Matt Forte,2014,CHI,RB,29,16,16,130,102,0,0,0,1038,6,266,808,4,245,0,2,2
Arian Foster,2014,HOU,RB,28,13,13,59,38,5,1,1,1246,8,260,327,5,236,0,2,2
Eddie Lacy,2014,GNB,RB,24,16,16,55,42,0,0,0,1139,9,246,427,4,231,0,3,2
Jordy Nelson,2014,GNB,WR,29,16,16,151,98,0,0,0,0,0,0,1519,13,230,0,0,0
Demaryius Thomas,2014,DEN,WR,27,16,16,184,111,0,0,0,0,0,0,1619,11,230,0,0,0
Dez Bryant,2014,DAL,WR,26,16,16,136,88,0,0,0,0,0,0,1320,16,228,0,0,0
Rob Gronkowski,2014,NWE,TE,25,15,10,131,82,0,0,0,0,0,0,1124,12,184,0,0,0
Jamaal Charles,2014,KAN,RB,28,15,15,59,40,0,0,0,1033,9,206,291,5,210,0,5,3
Aaron Rodgers,2014,GNB,QB,31,16,16,0,0,4381,38,520,269,2,43,0,0,354,5,10,2
Andrew Luck,2014,IND,QB,25,16,16,0,0,4761,40,616,273,3,64,0,0,352,16,13,6
Odell Beckham Jr.,2014,NYG,WR,22,12,11,130,91,0,0,1,35,0,7,1305,12,204,0,1,1
Justin Forsett,2014,BAL,RB,29,16,14,59,44,0,0,0,1266,8,235,263,0,203,0,1,0
Randall Cobb,2014,GNB,WR,24,16,16,127,91,0,0,0,37,0,11,1287,12,202,0,3,2
Emmanuel Sanders,2014,DEN,WR,27,16,16,141,101,0,0,0,44,0,8,1404,9,201,0,1,0
Julio Jones,2014,ATL,WR,25,15,15,163,104,0,0,0,1,0,1,1593,6,193,0,2,1
Jeremy Maclin,2014,PHI,WR,26,16,16,143,85,0,0,0,0,0,0,1318,10,192,0,0,0
Lamar Miller,2014,MIA,RB,23,16,16,52,38,0,0,0,1099,8,216,275,1,185,0,3,3
Russell Wilson,2014,SEA,QB,26,16,16,1,1,3475,20,452,849,6,118,17,0,330,7,11,0
Antonio Gates,2014,SDG,TE,34,16,14,98,69,0,0,0,0,0,0,821,12,154,0,1,0
Jeremy Hill,2014,CIN,RB,22,16,8,32,27,0,0,0,1124,9,222,215,0,184,0,5,2
C.J. Anderson,2014,DEN,RB,23,15,7,44,34,0,0,0,849,8,179,324,2,177,0,1,0
Mike Evans,2014,TAM,WR,21,15,15,122,68,0,0,0,0,0,0,1051,12,177,0,0,0
Alshon Jeffery,2014,CHI,WR,24,16,16,145,85,0,0,0,33,0,6,1133,10,177,0,1,0
T.Y. Hilton,2014,IND,WR,25,15,15,131,82,0,0,0,20,0,2,1345,7,177,0,3,1
Jimmy Graham,2014,NOR,TE,28,16,13,125,85,0,0,0,0,0,0,889,10,145,0,2,2
LeSean McCoy,2014,PHI,RB,26,16,16,37,28,0,0,0,1319,5,312,155,0,171,0,4,3
Alfred Morris,2014,WAS,RB,26,16,16,26,17,0,0,0,1074,8,265,155,0,171,0,2,0
Peyton Manning,2014,DEN,QB,38,16,16,0,0,4727,39,597,-24,0,24,0,0,313,15,5,2
Greg Olsen,2014,CAR,TE,29,16,16,123,84,0,0,0,0,0,0,1008,6,137,0,1,0
Joique Bell,2014,DET,RB,28,15,6,53,34,0,0,0,860,7,223,322,1,164,0,5,1
Mark Ingram,2014,NOR,RB,25,13,9,36,29,0,0,0,964,9,226,145,0,163,0,3,1
Martellus Bennett,2014,CHI,TE,27,16,15,128,90,0,0,0,0,0,0,916,6,132,0,0,0
Ben Roethlisberger,2014,PIT,QB,32,16,16,0,0,4952,32,608,27,0,33,-6,0,306,9,9,5
Golden Tate,2014,DET,WR,26,16,16,144,99,0,0,0,30,0,5,1331,4,160,0,1,0
Drew Brees,2014,NOR,QB,35,16,16,1,1,4952,33,659,68,1,27,1,0,303,17,7,3
Coby Fleener,2014,IND,TE,26,16,12,92,51,0,0,0,0,0,0,774,8,125,0,0,0
Calvin Johnson,2014,DET,WR,29,13,13,128,71,0,0,0,0,0,0,1077,8,156,0,0,0
DeAndre Hopkins,2014,HOU,WR,22,16,16,127,76,0,0,0,0,0,0,1210,6,155,0,2,1
DeSean Jackson,2014,WAS,WR,28,15,13,95,56,0,0,0,7,0,4,1169,6,154,0,0,0
Kelvin Benjamin,2014,CAR,WR,23,16,15,145,73,0,0,0,0,0,0,1008,9,153,0,1,1
Julius Thomas,2014,DEN,TE,26,13,10,62,43,0,0,0,0,0,0,489,12,121,0,1,0
Matt Asiata,2014,MIN,RB,27,15,9,63,44,0,0,0,570,9,164,312,1,150,0,1,1
Frank Gore,2014,SFO,RB,31,16,16,19,11,0,0,0,1106,4,255,111,1,148,0,2,2
Travis Kelce,2014,KAN,TE,25,16,11,87,67,0,0,0,0,0,0,862,5,116,0,4,3
Mike Wallace,2014,MIA,WR,28,16,16,115,67,0,0,1,16,0,4,862,10,146,0,2,1
Giovani Bernard,2014,CIN,RB,23,13,9,59,43,0,0,0,680,5,168,349,2,145,0,0,0
Delanie Walker,2014,TEN,TE,30,15,14,106,63,0,0,0,0,0,0,890,4,113,0,2,0
Torrey Smith,2014,BAL,WR,25,16,16,92,49,0,0,0,0,0,0,767,11,143,0,0,0
Steve Smith Sr.,2014,BAL,WR,35,16,16,134,79,0,0,0,0,0,0,1065,6,141,0,2,1
Matt Ryan,2014,ATL,QB,29,16,16,0,0,4694,28,628,145,0,29,0,0,284,14,5,2
Anquan Boldin,2014,SFO,WR,34,16,16,130,83,0,0,1,4,0,1,1062,5,137,0,0,0
Julian Edelman,2014,NWE,WR,28,14,13,134,92,0,0,0,94,0,10,972,4,137,0,3,0
Brandon LaFell,2014,NWE,WR,28,16,13,119,74,0,0,0,13,0,2,953,7,137,0,1,1
A.J. Green,2014,CIN,WR,26,13,13,117,69,0,0,0,2,0,2,1041,6,136,0,3,2
Jordan Matthews,2014,PHI,WR,22,16,10,103,67,0,0,0,0,0,0,872,8,135,0,0,0
Chris Ivory,2014,NYJ,RB,26,16,10,27,18,0,0,0,821,6,198,123,1,134,0,2,1
Ryan Tannehill,2014,MIA,QB,26,16,16,1,1,4045,27,590,311,1,56,-4,0,279,12,9,2
Tom Brady,2014,NWE,QB,37,16,16,0,0,4109,33,582,57,0,36,0,0,278,9,6,3
Sammy Watkins,2014,BUF,WR,21,16,16,128,65,0,0,0,8,0,2,982,6,133,0,1,1
Roddy White,2014,ATL,WR,33,14,14,125,80,0,0,0,0,0,0,921,7,132,0,3,1
Andre Ellington,2014,ARI,RB,25,12,12,64,46,0,0,0,660,3,201,395,2,132,0,2,2
Jason Witten,2014,DAL,TE,32,16,16,90,64,0,0,0,0,0,0,703,5,100,0,0,0
Andre Williams,2014,NYG,RB,22,16,7,37,18,0,0,0,721,7,217,130,0,127,0,1,0
Eric Decker,2014,NYJ,WR,27,15,15,115,74,0,0,0,0,0,0,962,5,126,0,0,0
Eli Manning,2014,NYG,QB,33,16,16,0,0,4410,30,601,31,1,12,0,0,270,14,7,4
Heath Miller,2014,PIT,TE,32,16,16,91,66,0,0,0,0,0,0,761,3,94,0,1,1
Mohamed Sanu,2014,CIN,WR,25,16,13,98,56,79,1,3,51,0,7,790,5,123,0,0,0
Fred Jackson,2014,BUF,RB,33,14,9,90,66,0,0,1,525,2,141,501,1,123,0,5,0
Tony Romo,2014,DAL,QB,34,15,15,0,0,3705,34,435,61,0,26,0,0,266,9,7,3
Steven Jackson,2014,ATL,RB,31,15,15,27,20,0,0,0,707,6,190,148,0,122,0,0,0
Philip Rivers,2014,SDG,QB,33,16,16,0,0,4286,31,570,102,0,37,0,0,266,18,8,2
Richie Brockel,2014,CAR,,28,4,0,,0,0,0,0,0,0,0,0,0,,0,,0
Larry Donnell,2014,NYG,TE,26,16,12,92,63,0,0,0,0,0,0,623,6,90,0,4,4
Jonathan Stewart,2014,CAR,RB,27,13,8,31,25,0,0,0,809,3,175,181,1,121,0,2,1
Joe Flacco,2014,BAL,QB,29,16,16,0,0,3986,27,554,70,2,39,0,0,262,12,5,0
Jay Cutler,2014,CHI,QB,31,15,15,0,0,3812,28,561,191,2,39,0,0,256,18,12,6
Matthew Stafford,2014,DET,QB,26,16,16,0,0,4257,22,602,93,2,43,0,0,252,12,8,3
Colin Kaepernick,2014,SFO,QB,27,16,16,0,0,3369,19,478,639,1,104,0,0,251,10,8,5
Cam Newton,2014,CAR,QB,25,14,14,0,0,3127,18,448,539,5,103,0,0,249,12,9,5
Andy Dalton,2014,CIN,QB,27,16,16,1,1,3398,19,481,169,4,60,18,1,225,17,3,2
Alex Smith,2014,KAN,QB,30,15,15,0,0,3265,18,464,254,1,49,0,0,220,6,4,1
Derek Carr,2014,OAK,QB,23,16,16,1,0,3270,21,599,92,0,29,0,0,192,12,10,4
Teddy Bridgewater,2014,MIN,QB,22,13,12,0,0,2919,14,402,209,1,47,0,0,180,12,3,0
Ryan Fitzpatrick,2014,HOU,QB,32,12,12,0,0,2483,17,312,184,2,50,0,0,180,8,5,1
Kyle Orton,2014,BUF,QB,32,12,12,0,0,3018,18,447,14,1,15,0,0,176,10,3,3
Blake Bortles,2014,JAX,QB,22,14,13,0,0,2908,11,475,419,0,56,0,0,168,17,7,1
Brian Hoyer,2014,CLE,QB,29,14,13,0,0,3326,12,438,39,0,24,0,0,157,13,4,1
Geno Smith,2014,NYJ,QB,24,14,13,1,0,2525,13,367,238,1,59,0,0,151,13,8,3
Mark Sanchez,2014,PHI,QB,28,9,8,0,0,2418,14,309,87,1,34,0,0,139,11,7,3
Josh McCown,2014,TAM,QB,35,11,11,0,0,2206,11,327,127,3,25,0,0,127,14,10,4
Malcom Floyd,2014,SDG,WR,33,16,16,92,52,0,0,0,0,0,0,856,6,122,0,0,0
Nick Foles,2014,PHI,QB,25,8,8,0,0,2163,13,311,68,0,16,0,0,119,10,4,3
Tre Mason,2014,STL,RB,21,12,9,26,16,0,0,0,765,4,179,148,1,119,0,2,1
Eddie Royal,2014,SDG,WR,28,16,11,91,62,0,0,0,14,0,3,778,7,119,0,1,1
Marques Colston,2014,NOR,WR,31,16,13,100,59,0,0,0,0,0,0,902,5,118,0,1,1
Michael Floyd,2014,ARI,WR,25,16,14,99,47,0,0,0,2,0,1,841,6,118,0,3,1
Brandon Marshall,2014,CHI,WR,30,13,13,106,61,0,0,0,0,0,0,721,8,118,0,1,1
Darren Sproles,2014,PHI,RB,31,15,0,62,40,0,0,0,329,6,57,387,0,118,0,4,1
Ahmad Bradshaw,2014,IND,RB,28,10,1,47,38,0,0,0,425,2,90,300,6,117,0,3,2
Shane Vereen,2014,NWE,RB,25,16,6,77,52,0,0,0,391,2,96,447,3,114,0,0,0
Isaiah Crowell,2014,CLE,RB,21,16,4,14,9,0,0,0,607,8,148,87,0,113,0,3,2
Rueben Randle,2014,NYG,WR,23,16,13,127,71,0,0,0,0,0,0,938,3,112,0,0,0
Kenny Stills,2014,NOR,WR,22,15,7,83,63,0,0,0,-2,0,1,931,3,111,0,1,0
Kendall Wright,2014,TEN,WR,25,14,11,93,57,0,0,0,54,0,4,715,6,111,0,1,1
Vincent Jackson,2014,TAM,WR,31,16,16,142,70,0,0,0,0,0,0,1002,2,110,0,1,1
Greg Jennings,2014,MIN,WR,31,16,13,92,59,0,0,0,0,0,0,742,6,110,0,1,0
Terrance Williams,2014,DAL,WR,25,16,16,66,37,0,0,0,0,0,0,621,8,110,0,0,0
Rashad Jennings,2014,NYG,RB,29,11,9,41,30,0,0,0,639,4,167,226,0,109,0,1,1
Branden Oliver,2014,SDG,RB,23,14,7,45,36,0,0,0,582,3,160,271,1,109,0,0,0
Austin Davis,2014,STL,QB,25,10,8,0,0,2001,12,284,36,0,16,0,0,108,9,5,3
Andre Johnson,2014,HOU,WR,33,15,15,146,85,0,0,0,0,0,0,936,3,106,0,3,3
Knile Davis,2014,KAN,RB,23,16,1,25,16,0,0,0,463,6,134,147,1,105,0,4,2
Martavis Bryant,2014,PIT,WR,23,10,3,48,26,0,0,0,12,0,3,549,8,104,0,0,0
Allen Hurns,2014,JAX,WR,23,16,8,97,51,0,0,0,0,0,0,677,6,104,0,0,0
Carson Palmer,2014,ARI,QB,35,6,6,1,0,1626,11,224,25,0,8,0,0,104,3,3,1
Terrance West,2014,CLE,RB,23,14,6,13,11,0,0,0,673,4,171,64,1,102,0,2,1
Doug Baldwin,2014,SEA,WR,26,16,16,98,66,0,0,0,8,0,1,825,3,101,0,0,0
James Jones,2014,OAK,WR,30,16,10,112,73,0,0,0,0,0,0,666,6,101,0,3,1
Robert Woods,2014,BUF,WR,22,16,15,104,65,0,0,0,0,0,0,699,5,100,0,1,1
John Brown,2014,ARI,WR,24,16,5,102,48,0,0,0,-6,0,3,696,5,99,0,0,0
Keenan Allen,2014,SDG,WR,22,14,14,121,77,0,0,0,0,0,0,783,4,98,0,2,2
Jarvis Landry,2014,MIA,WR,22,16,11,112,84,0,0,0,-4,0,2,758,5,97,0,7,4
Andrew Hawkins,2014,CLE,WR,28,15,15,112,63,0,0,0,15,0,3,824,2,96,0,0,0
Drew Stanton,2014,ARI,QB,30,9,8,0,0,1711,7,240,63,0,25,0,0,95,5,1,0
Kenny Britt,2014,STL,WR,26,16,13,84,48,0,0,0,14,0,2,748,3,94,0,0,0
Michael Crabtree,2014,SFO,WR,27,16,16,108,68,0,0,0,4,0,1,698,4,94,0,0,0
Pierre Garcon,2014,WAS,WR,28,16,14,105,68,0,0,1,0,0,0,752,3,93,0,0,0
Andre Holmes,2014,OAK,WR,26,16,13,99,47,0,0,0,0,0,0,693,4,93,0,0,0
Chris Johnson,2014,NYJ,RB,29,16,6,34,24,0,0,0,663,1,155,151,1,91,0,1,1
Trent Richardson,2014,IND,RB,24,15,12,34,27,0,0,0,519,3,159,229,0,91,0,2,1
Denard Robinson,2014,JAX,RB,24,13,9,31,23,0,0,1,582,4,135,124,0,91,0,2,2
Mike Glennon,2014,TAM,QB,25,6,5,0,0,1417,10,203,49,0,10,0,0,90,6,2,0
Shaun Hill,2014,STL,QB,34,9,8,1,1,1657,8,229,10,1,10,0,0,89,7,7,1
Dwayne Allen,2014,IND,TE,24,13,13,50,29,0,0,0,0,0,0,395,8,88,0,1,0
LeGarrette Blount,2014,2TM,RB,28,16,1,12,10,0,0,0,547,5,125,54,0,88,0,1,1
Kirk Cousins,2014,WAS,QB,26,6,5,0,0,1710,10,204,20,0,7,0,0,88,9,2,2
Larry Fitzgerald,2014,ARI,WR,31,14,13,103,63,0,0,0,0,0,0,784,2,88,0,1,1
Reggie Wayne,2014,IND,WR,36,15,15,116,64,0,0,0,0,0,0,779,2,88,0,1,1
Robert Griffin III,2014,WAS,QB,24,9,7,0,0,1694,4,214,176,1,38,0,0,87,6,9,4
Charlie Whitehurst,2014,TEN,QB,32,7,5,0,0,1326,7,185,90,0,20,10,0,87,2,3,0
Brandin Cooks,2014,NOR,WR,21,10,7,69,53,0,0,0,73,1,7,550,3,86,0,1,0
Zach Ertz,2014,PHI,TE,24,16,5,89,58,0,0,0,0,0,0,702,3,86,0,1,1
Roy Helu,2014,WAS,RB,26,14,0,47,42,0,0,0,216,1,40,477,2,85,0,2,1
Darren McFadden,2014,OAK,RB,27,16,12,56,36,0,0,1,534,2,155,212,0,85,0,1,1
Alfred Blue,2014,HOU,RB,23,16,3,18,15,0,0,0,528,2,169,113,1,82,0,0,0
Jared Cook,2014,STL,TE,27,16,6,99,52,0,0,0,0,0,1,634,3,81,0,0,0
Ronnie Hillman,2014,DEN,RB,23,8,4,34,21,0,0,0,434,3,106,139,1,81,0,1,0
Benny Cunningham,2014,STL,RB,24,16,2,52,45,0,0,0,246,3,66,352,1,80,0,2,2
Charles Clay,2014,MIA,TE,25,14,14,84,58,0,0,0,0,0,0,605,3,79,0,0,0
Percy Harvin,2014,2TM,WR,26,13,12,78,51,0,0,0,202,1,33,483,1,79,0,3,1
Bobby Rainey,2014,TAM,RB,27,15,5,45,33,0,0,1,406,1,94,315,1,78,0,3,3
Bishop Sankey,2014,TEN,RB,22,16,9,23,18,0,0,0,569,2,152,133,0,78,0,2,2
Pierre Thomas,2014,NOR,RB,30,11,3,55,45,0,0,0,222,2,45,378,1,78,0,0,0
Markus Wheaton,2014,PIT,WR,23,16,11,86,53,0,0,0,19,0,4,644,2,78,0,0,0
Jarius Wright,2014,MIN,WR,25,16,7,62,42,0,0,0,71,0,5,588,2,78,0,0,0
Owen Daniels,2014,BAL,TE,32,15,13,79,48,0,0,0,0,0,0,527,4,77,0,0,0
Nate Washington,2014,TEN,WR,31,16,11,72,40,0,0,0,0,0,0,647,2,77,0,0,0
Jermaine Gresham,2014,CIN,TE,26,15,15,79,62,0,0,0,0,0,0,460,5,76,0,3,0
Devin Hester,2014,ATL,WR,32,16,1,59,38,0,0,0,36,1,6,504,2,76,0,2,1
Dwayne Bowe,2014,KAN,WR,30,15,15,95,60,0,0,0,0,0,0,754,0,75,0,2,0
Mychal Rivera,2014,OAK,TE,24,16,10,99,58,0,0,0,0,0,0,534,4,75,0,3,1
Riley Cooper,2014,PHI,WR,27,16,16,95,55,0,0,0,0,0,0,577,3,74,0,1,1
Jonas Gray,2014,NWE,RB,24,8,3,3,1,0,0,0,412,5,89,7,0,72,0,0,0
Zach Mettenberger,2014,TEN,QB,23,7,6,0,0,1412,8,179,4,0,5,0,0,71,7,4,2
Harry Douglas,2014,ATL,WR,30,12,6,74,51,0,0,0,0,0,0,556,2,70,0,0,0
Miles Austin,2014,CLE,WR,30,12,11,73,47,0,0,0,0,0,0,568,2,69,0,0,0
Taylor Gabriel,2014,CLE,WR,23,16,2,72,36,0,0,0,10,0,4,621,1,69,0,0,0
Latavius Murray,2014,OAK,RB,24,15,3,23,17,0,0,0,424,2,82,143,0,69,0,1,0
Allen Robinson,2014,JAX,WR,21,10,8,81,48,0,0,0,0,0,0,548,2,69,0,0,0
Scott Chandler,2014,BUF,TE,29,16,5,70,47,0,0,0,0,0,0,497,3,68,0,0,0
Justin Hunter,2014,TEN,WR,23,12,8,67,28,0,0,0,0,0,0,498,3,68,0,0,0
Doug Martin,2014,TAM,RB,25,11,11,20,13,0,0,0,494,2,134,64,0,68,0,0,0
Reggie Bush,2014,DET,RB,29,11,9,56,40,0,0,0,297,2,76,253,0,67,0,0,0
Jerick McKinnon,2014,MIN,RB,22,11,6,41,27,0,0,0,538,0,113,135,0,67,0,0,0
Ben Tate,2014,3TM,RB,26,11,6,12,9,0,0,0,371,4,119,60,0,67,0,0,0
Jerricho Cotchery,2014,CAR,WR,32,15,13,78,48,0,0,0,0,0,0,580,1,66,0,0,0
Tavon Austin,2014,STL,WR,24,15,8,44,31,0,0,0,224,2,36,242,0,65,0,5,0
Hakeem Nicks,2014,IND,WR,26,16,6,68,38,0,0,0,0,0,0,405,4,65,0,0,0
Cecil Shorts,2014,JAX,WR,27,13,12,110,53,32,1,2,0,0,0,557,1,65,0,1,1
Antone Smith,2014,ATL,RB,29,10,0,15,13,0,0,0,144,2,23,222,3,65,0,1,1
Jake Locker,2014,TEN,QB,26,7,5,0,0,993,5,146,142,1,22,0,0,64,7,3,1
Donte Moncrief,2014,IND,WR,21,16,2,49,32,0,0,0,17,0,4,444,3,64,0,0,0
Davante Adams,2014,GNB,WR,22,16,11,66,38,0,0,0,0,0,0,446,3,63,0,0,0
Chris Hogan,2014,BUF,WR,27,16,2,61,41,0,0,0,0,0,0,426,4,63,0,2,2
Colt McCoy,2014,WAS,QB,28,5,4,0,0,1057,4,128,66,1,16,0,0,63,3,6,1
Lorenzo Taliaferro,2014,BAL,RB,23,13,0,10,8,0,0,0,292,4,68,114,0,63,0,1,1
Cole Beasley,2014,DAL,WR,25,16,2,49,37,0,0,0,0,0,0,420,4,62,0,2,2
Carlos Hyde,2014,SFO,RB,24,14,0,16,12,0,0,0,333,4,83,68,0,62,0,1,1
Steve Johnson,2014,SFO,WR,28,13,1,50,35,0,0,0,0,0,0,435,3,62,0,0,0
Jermaine Kearse,2014,SEA,WR,24,15,14,69,38,17,0,1,15,0,2,537,1,62,0,0,0
Tim Wright,2014,NWE,TE,24,16,2,33,26,0,0,0,-2,0,1,259,6,62,0,0,0
Toby Gerhart,2014,JAX,RB,27,14,7,24,20,0,0,0,326,2,101,186,0,61,0,1,1
Theo Riddick,2014,DET,RB,23,14,2,50,34,0,0,0,51,0,20,316,4,61,0,0,0
Anthony Dixon,2014,BUF,RB,27,16,0,9,8,0,0,0,432,2,105,49,0,60,0,1,0
Charles Johnson,2014,MIN,WR,25,12,6,59,31,0,0,0,-11,0,1,475,2,60,0,1,0
Cordarrelle Patterson,2014,MIN,WR,23,16,7,67,33,0,0,0,117,1,10,384,1,60,0,1,1
Robert Turbin,2014,SEA,RB,25,16,3,20,16,0,0,0,310,0,74,186,2,60,0,1,1
Brian Hartline,2014,MIA,WR,28,16,16,63,39,0,0,0,0,0,0,474,2,59,0,1,0
EJ Manuel,2014,BUF,QB,24,5,4,0,0,838,5,131,52,1,16,0,0,59,3,1,0
James Starks,2014,GNB,RB,28,16,0,29,18,0,0,0,333,2,85,140,0,59,0,1,0
Ryan Mathews,2014,SDG,RB,27,6,6,10,9,0,0,0,330,3,74,69,0,58,0,1,0
Wes Welker,2014,DEN,WR,33,14,8,64,49,0,0,0,0,0,0,464,2,58,0,0,0
Stedman Bailey,2014,STL,WR,24,14,3,46,30,0,0,0,13,0,1,435,1,57,0,0,0
Devonta Freeman,2014,ATL,RB,22,16,0,37,30,0,0,0,248,1,65,225,1,57,0,1,1
Khiry Robinson,2014,NOR,RB,25,10,3,11,8,0,0,0,362,3,76,63,0,57,0,2,2
Lance Kendricks,2014,STL,TE,26,16,14,38,27,0,0,0,0,0,0,259,5,56,0,0,0
Jeremy Kerley,2014,NYJ,WR,26,16,7,75,38,0,0,1,86,0,4,409,1,56,0,1,0
Brian Quick,2014,STL,WR,25,7,7,39,25,0,0,0,0,0,0,375,3,56,0,0,0
Corey Brown,2014,CAR,WR,23,13,3,36,21,0,0,0,95,0,8,296,2,55,0,3,1
Niles Paul,2014,WAS,TE,25,16,7,52,39,0,0,0,0,0,0,507,1,55,0,1,1
Andre Roberts,2014,WAS,WR,26,16,4,73,36,0,0,0,21,0,2,453,2,55,0,4,2
Stepfan Taylor,2014,ARI,RB,23,14,4,15,11,0,0,0,208,1,63,79,3,55,0,0,0
Jordan Cameron,2014,CLE,TE,26,10,9,48,24,0,0,0,0,0,0,424,2,54,0,0,0
Dan Herron,2014,IND,RB,25,16,3,26,21,0,0,0,351,1,78,173,0,54,0,2,2
Luke Willson,2014,SEA,TE,24,15,10,40,22,0,0,0,0,0,0,362,3,54,0,0,0
C.J. Spiller,2014,BUF,RB,27,9,5,22,19,0,0,0,300,0,78,125,1,53,0,3,1
Preston Parker,2014,NYG,WR,27,16,7,56,36,0,0,0,0,0,0,418,2,52,0,2,1
Travis Benjamin,2014,CLE,WR,25,16,0,46,18,0,0,0,11,0,3,314,3,51,0,2,0
Shonn Greene,2014,TEN,RB,29,13,5,3,1,0,0,0,392,2,94,13,0,51,0,1,1
Joseph Randle,2014,DAL,RB,23,16,0,5,4,0,0,0,343,3,51,23,0,51,0,2,2
Jacquizz Rodgers,2014,ATL,RB,24,16,1,40,29,0,0,0,217,1,58,173,1,51,0,1,0
Derek Anderson,2014,CAR,QB,31,6,2,0,0,701,5,97,24,0,8,0,0,50,0,2,0
Louis Murphy,2014,TAM,WR,27,11,3,56,31,0,0,0,0,0,0,380,2,50,0,1,0
Andrew Quarless,2014,GNB,TE,26,16,11,46,29,0,0,0,0,0,0,323,3,50,0,0,0
Jordan Todman,2014,JAX,RB,24,16,1,37,25,0,0,0,186,1,32,198,1,50,0,0,0
Marqise Lee,2014,JAX,WR,23,13,8,69,37,0,0,0,9,0,3,422,1,49,0,0,0
Chris Polk,2014,PHI,RB,25,14,0,3,2,0,0,0,172,4,46,16,0,49,0,1,0
Josh Hill,2014,NOR,TE,24,16,3,20,14,0,0,0,0,0,0,176,5,48,0,0,0
Bernard Pierce,2014,BAL,RB,23,13,2,6,2,0,0,0,366,2,93,13,0,48,0,1,1
Stevan Ridley,2014,NWE,RB,25,6,5,5,4,0,0,0,340,2,94,20,0,48,0,0,0
Juwan Thompson,2014,DEN,RB,22,15,0,7,4,0,0,0,272,3,54,25,0,48,0,1,0
Jace Amaro,2014,NYJ,TE,22,14,4,53,38,0,0,0,0,0,0,345,2,47,0,1,0
Anthony Fasano,2014,KAN,TE,30,15,13,36,25,0,0,0,0,0,0,226,4,47,0,0,0
Zac Stacy,2014,STL,RB,23,13,5,23,18,0,0,0,293,1,76,152,0,47,0,2,2
Kamar Aiken,2014,BAL,WR,25,16,0,32,24,0,0,0,0,0,0,267,3,45,0,0,0
Jordan Reed,2014,WAS,TE,24,11,2,65,50,0,0,0,0,0,0,465,0,45,0,1,1
Donald Brown,2014,SDG,RB,27,13,3,41,29,0,0,0,223,0,85,211,0,43,0,1,0
John Carlson,2014,ARI,RB,30,16,12,55,33,0,0,0,0,0,0,350,1,43,0,0,0
Jeff Cumberland,2014,NYJ,TE,27,16,14,47,23,0,0,0,0,0,0,247,3,43,0,0,0
Michael Vick,2014,NYJ,QB,34,10,3,0,0,604,3,121,153,0,26,0,0,43,2,5,2
Charles Sims,2014,TAM,RB,24,8,0,27,19,0,0,0,185,1,66,190,0,42,0,2,1
Jason Avant,2014,2TM,WR,31,16,0,62,34,0,0,0,1,0,1,353,1,41,0,0,0
Daniel Fells,2014,NYG,TE,31,16,9,20,16,0,0,0,0,0,0,188,4,41,0,1,1
Damaris Johnson,2014,HOU,WR,25,16,8,49,31,0,0,0,19,0,5,331,1,41,0,2,0
Daniel Thomas,2014,MIA,RB,27,12,0,19,13,0,0,0,168,2,44,121,0,41,0,1,1
Brice Butler,2014,OAK,WR,24,15,0,35,21,0,0,0,0,0,0,280,2,40,0,0,0
Victor Cruz,2014,NYG,WR,28,6,6,41,23,0,0,0,0,0,0,337,1,40,0,0,0
Dion Sims,2014,MIA,TE,23,14,2,36,24,0,0,0,0,0,0,284,2,40,0,0,0
Darrel Young,2014,WAS,RB,27,16,10,14,11,0,0,0,22,3,9,81,2,40,0,0,0
Marcel Reece,2014,OAK,RB,29,15,15,59,37,0,0,0,85,0,21,265,1,39,0,1,1
De'Anthony Thomas,2014,KAN,RB,21,12,3,31,23,0,0,0,113,1,14,156,0,39,0,0,0
Brent Celek,2014,PHI,TE,29,16,15,51,32,0,0,0,0,0,0,340,1,38,0,1,1
Vernon Davis,2014,SFO,TE,30,14,14,50,26,0,0,0,4,0,1,245,2,37,0,0,0
Dexter McCluster,2014,TEN,RB,25,14,2,36,26,0,0,0,131,0,40,197,1,37,0,1,1
Damien Williams,2014,MIA,RB,22,16,0,27,21,0,0,0,122,0,36,187,1,37,0,0,0
Brandon Gibson,2014,MIA,WR,27,14,5,51,29,0,0,0,0,0,0,295,1,36,0,2,0
Jaron Brown,2014,ARI,WR,24,16,2,32,22,0,0,0,0,0,0,229,2,35,0,1,0
Travaris Cadet,2014,NOR,RB,25,15,1,51,38,0,0,0,32,0,10,296,1,35,0,2,2
Gavin Escobar,2014,DAL,TE,23,16,1,13,9,0,0,0,0,0,0,105,4,35,0,0,0
Clay Harbor,2014,JAX,TE,27,13,8,35,26,0,0,0,0,0,0,289,1,35,0,0,0
Brandon Lloyd,2014,SFO,WR,33,14,3,35,14,0,0,0,0,0,0,294,1,35,0,0,0
Richard Rodgers,2014,GNB,TE,22,16,5,30,20,0,0,0,0,0,0,225,2,35,0,0,0
Kyle Rudolph,2014,MIN,TE,25,9,8,34,24,0,0,0,0,0,0,231,2,35,0,1,0
Lance Moore,2014,PIT,WR,31,14,2,26,14,0,0,0,0,0,0,198,2,34,0,0,0
Levine Toilolo,2014,ATL,TE,23,16,16,54,31,0,0,0,0,0,0,238,2,34,0,1,1
Marcedes Lewis,2014,JAX,TE,30,8,8,31,18,0,0,0,0,0,0,206,2,33,0,0,0
Paul Richardson,2014,SEA,WR,22,15,6,44,29,0,0,0,0,0,0,271,1,33,0,1,0
Jeremy Ross,2014,DET,WR,26,16,13,35,24,0,0,0,-1,0,2,314,1,33,0,4,2
Fozzy Whittaker,2014,CAR,RB,25,10,1,6,5,0,0,0,145,1,32,60,1,33,0,0,0
Lance Dunbar,2014,DAL,RB,24,16,0,22,18,0,0,0,99,0,29,217,0,32,0,0,0
Chase Ford,2014,MIN,TE,24,11,5,35,23,0,0,0,0,0,0,258,1,32,0,0,0
Ricardo Lockette,2014,SEA,WR,28,16,0,15,11,0,0,0,2,0,1,195,2,32,0,0,0
Austin Seferian-Jenkins,2014,TAM,TE,22,9,9,38,21,0,0,0,0,0,0,221,2,32,0,1,1
Leon Washington,2014,TEN,RB,32,16,0,31,22,0,0,0,57,0,13,159,2,32,0,3,1
Eric Ebron,2014,DET,TE,21,13,7,47,25,0,0,0,0,0,0,248,1,31,0,0,0
Derek Hagan,2014,TEN,WR,30,16,3,34,19,0,0,0,0,0,0,254,1,31,0,0,0
Cooper Helfet,2014,SEA,TE,25,10,2,24,12,0,0,0,0,0,0,185,2,31,0,0,0
Jim Dray,2014,CLE,TE,28,16,8,27,17,0,0,0,0,0,0,242,1,30,0,0,0
Josh Gordon,2014,CLE,WR,23,5,5,47,24,0,0,1,0,0,0,303,0,30,0,0,0
Chad Henne,2014,JAX,QB,29,3,3,0,0,492,3,78,25,0,4,0,0,30,1,1,1
Bruce Miller,2014,SFO,RB,27,16,8,25,18,0,0,0,9,0,6,189,2,30,0,1,1
Rhett Ellison,2014,MIN,RB,26,16,13,26,19,0,0,0,0,0,0,208,1,29,0,0,0
Bilal Powell,2014,NYJ,RB,26,15,1,15,11,0,0,0,141,1,33,92,0,29,0,0,0
Bryce Brown,2014,BUF,RB,23,7,2,25,16,0,0,0,126,0,36,176,0,28,0,1,1
Montee Ball,2014,DEN,RB,24,5,3,13,9,0,0,0,172,1,55,62,0,27,0,1,1
Bruce Ellington,2014,SFO,WR,23,13,0,12,6,0,0,0,28,1,6,62,2,27,0,1,0
Kenbrell Thompkins,2014,2TM,WR,26,14,7,48,21,0,0,0,5,0,2,262,0,27,0,0,0
Danny Amendola,2014,NWE,WR,29,16,4,42,27,0,0,0,0,0,0,200,1,26,0,0,0
Marlon Brown,2014,BAL,WR,23,14,1,31,24,0,0,0,0,0,0,255,0,26,0,0,0
Ted Ginn Jr.,2014,ARI,WR,29,16,0,26,14,10,0,1,6,0,3,190,0,26,0,2,0
Garrett Graham,2014,HOU,RB,28,11,9,28,18,0,0,0,0,0,0,197,1,26,0,0,0
Rishard Matthews,2014,MIA,TE,25,14,0,22,12,0,0,0,3,0,1,135,2,26,0,1,0
Nick Toon,2014,NOR,WR,26,8,2,23,17,0,0,0,4,0,1,215,1,26,0,1,1
Ben Watson,2014,NOR,TE,34,16,8,31,20,0,0,0,0,0,0,136,2,26,0,0,0
Kerwynn Williams,2014,ARI,RB,23,5,0,6,2,0,0,0,246,0,53,11,0,26,0,1,0
Albert Wilson,2014,KAN,WR,22,12,2,28,16,0,0,0,0,0,0,260,0,26,0,0,0
Corey Fuller,2014,DET,WR,24,16,2,31,14,0,0,0,0,0,0,212,1,25,0,1,1
Greg Salas,2014,NYJ,WR,26,10,2,23,8,0,0,0,20,1,1,167,0,25,0,0,0
Brandon Tate,2014,CIN,WR,27,16,4,26,17,0,0,0,21,0,3,193,1,25,0,2,1
Jack Doyle,2014,IND,TE,24,16,1,22,18,0,0,0,0,0,0,118,2,24,0,0,0
Jonathan Grimes,2014,HOU,RB,25,16,0,8,6,0,0,0,153,0,39,86,0,24,0,0,0
Silas Redd,2014,WAS,RB,22,15,0,10,8,0,0,0,75,1,16,107,0,24,0,1,0
DeAngelo Williams,2014,CAR,RB,31,6,6,6,5,0,0,0,219,0,62,44,0,24,0,1,1
Matt Cassel,2014,MIN,QB,32,3,3,0,0,425,3,71,18,0,9,0,0,23,4,3,0
Ladarius Green,2014,SDG,WR,24,14,4,25,19,0,0,0,0,0,0,226,0,23,0,0,0
Case Keenum,2014,HOU,QB,26,2,2,0,0,435,2,77,35,0,10,0,0,23,2,1,1
Ka'Deem Carey,2014,CHI,RB,22,14,0,6,5,0,0,0,158,0,36,57,0,22,0,0,0
Chris Givens,2014,STL,WR,25,14,0,20,11,0,0,0,4,0,1,159,1,22,0,0,0
Ryan Lindley,2014,ARI,QB,25,3,2,0,0,562,2,93,0,0,0,0,0,22,4,1,0
Knowshon Moreno,2014,MIA,RB,27,3,0,1,1,0,0,0,148,1,31,8,0,22,0,0,0
Chris Owusu,2014,2TM,WR,24,8,0,6,6,0,0,0,23,1,1,78,1,22,0,0,0
Eric Weems,2014,ATL,WR,29,16,0,11,10,0,0,0,0,0,0,102,2,22,0,0,0
Brenton Bersin,2014,CAR,WR,24,15,1,20,13,0,0,0,0,0,0,151,1,21,0,2,0
Jacob Tamme,2014,DEN,TE,29,15,0,28,14,0,0,0,0,0,0,109,2,21,0,1,1
Peyton Hillis,2014,NYG,RB,28,9,0,16,10,0,0,0,115,0,26,87,0,20,0,0,0
Storm Johnson,2014,JAX,RB,22,6,1,1,1,0,0,0,86,2,29,-4,0,20,0,0,0
Kyle Juszczyk,2014,BAL,RB,23,16,14,27,19,0,0,0,0,0,0,182,1,20,0,2,2
Ryan Mallett,2014,HOU,QB,26,3,2,0,0,400,2,75,-2,0,6,0,0,20,2,0,0
Adam Thielen,2014,MIN,WR,24,16,2,13,8,0,0,0,0,0,0,137,1,20,0,0,0
Brandon Weeden,2014,DAL,QB,31,5,1,0,0,303,3,41,-1,0,6,0,0,20,2,1,0
Mike Williams,2014,BUF,WR,27,9,0,19,8,0,0,0,0,0,0,142,1,20,0,0,0
Marquess Wilson,2014,CHI,WR,22,7,6,32,17,0,0,0,0,0,0,140,1,20,0,0,0
Joe McKnight,2014,KAN,RB,26,2,0,7,6,0,0,0,3,0,1,64,2,19,0,0,0
Christine Michael,2014,SEA,RB,24,10,0,2,1,0,0,0,175,0,34,12,0,19,0,1,0
Tony Moeaki,2014,SEA,TE,27,6,2,13,8,0,0,0,0,0,0,134,1,19,0,0,0
Brandon Myers,2014,TAM,TE,29,14,6,32,22,0,0,0,0,0,0,190,0,19,0,0,0
James Casey,2014,PHI,TE,30,16,2,3,3,0,0,0,0,0,0,59,2,18,0,0,0
Ed Dickson,2014,CAR,TE,27,16,10,17,10,0,0,0,0,0,0,115,1,18,0,1,0
Crockett Gillmore,2014,BAL,TE,23,15,1,15,10,0,0,0,0,0,0,121,1,18,0,0,0
Austin Pettis,2014,2TM,WR,26,9,0,17,12,0,0,0,0,0,0,118,1,18,0,0,0
Maurice Jones-Drew,2014,OAK,RB,29,12,1,16,11,0,0,0,96,0,43,71,0,17,0,1,0
Matt Hasselbeck,2014,IND,QB,39,4,0,0,0,301,2,44,-11,0,8,0,0,17,0,1,1
Jacoby Jones,2014,BAL,WR,30,16,0,18,9,0,0,0,16,0,3,131,0,17,0,4,2
John Kuhn,2014,GNB,RB,32,16,2,4,4,0,0,0,85,1,24,23,0,17,0,0,0
Mike Tolbert,2014,CAR,RB,29,8,6,17,12,0,0,0,78,0,37,93,0,17,0,0,0
Donnie Avery,2014,KAN,WR,30,6,3,26,15,0,0,0,0,0,0,176,0,16,0,1,1
Gary Barnidge,2014,CLE,TE,29,13,2,25,13,0,0,0,0,0,0,156,0,16,0,0,0
Brandon Bolden,2014,NWE,RB,24,16,2,6,2,0,0,0,89,1,28,8,0,16,0,0,0
Michael Campanaro,2014,BAL,WR,23,4,0,9,7,0,0,0,0,0,0,102,1,16,0,0,0
Jimmy Clausen,2014,CHI,QB,27,4,1,0,0,223,2,48,9,0,3,0,0,16,1,0,0
Dontrelle Inman,2014,SDG,WR,25,7,0,17,12,0,0,0,0,0,0,158,0,16,0,0,0
Josh Morgan,2014,CHI,WR,29,14,7,19,10,0,0,0,30,0,2,70,1,16,0,0,0
Joe Morgan,2014,NOR,WR,26,5,2,10,4,0,0,0,67,0,1,92,0,16,0,0,0
Joe Banyard,2014,MIN,RB,26,15,0,11,9,0,0,0,88,0,21,62,0,15,0,0,0
Joseph Fauria,2014,DET,TE,24,7,0,12,6,0,0,0,0,0,0,74,1,15,0,0,0
T.J. Graham,2014,NYJ,WR,25,12,0,8,3,0,0,0,0,0,0,87,1,15,0,0,0
Ryan Griffin,2014,HOU,TE,24,16,2,16,10,0,0,0,0,0,0,91,1,15,0,0,0
Josh Huff,2014,PHI,WR,23,12,0,18,8,0,0,0,7,0,1,98,0,15,0,1,1
Robert Hughes,2014,ARI,RB,25,16,4,12,8,0,0,0,11,0,7,140,0,15,0,0,0
Zurlon Tipton,2014,IND,RB,24,6,0,6,6,0,0,0,18,0,10,68,1,15,0,0,0
Rex Burkhead,2014,CIN,RB,24,9,0,10,7,0,0,0,27,1,9,49,0,14,0,0,0
Virgil Green,2014,DEN,TE,26,13,9,6,6,0,0,0,3,0,2,74,1,14,0,0,0
Cory Harkey,2014,STL,RB,24,16,13,11,8,0,0,0,0,0,0,55,1,14,0,0,0
Jamize Olawale,2014,OAK,RB,25,16,0,6,5,0,0,0,0,0,2,18,2,14,0,0,0
Anthony Sherman,2014,KAN,RB,26,16,6,14,10,0,0,0,8,0,2,71,1,14,0,0,0
Rod Streater,2014,OAK,WR,26,3,3,13,9,0,0,0,0,0,0,84,1,14,0,0,0
Brian Tyms,2014,NWE,WR,25,11,2,11,5,0,0,0,0,0,0,82,1,14,0,0,0
Orleans Darkwa,2014,2TM,RB,22,11,0,6,5,0,0,0,23,1,9,48,0,13,0,0,0
MarQueis Gray,2014,2TM,TE,25,13,5,11,9,0,0,0,0,0,0,134,0,13,0,0,0
Marion Grice,2014,ARI,RB,23,10,0,11,7,0,0,1,41,1,15,29,0,13,0,0,0
Rob Housler,2014,ARI,TE,26,15,7,17,9,0,0,0,1,0,1,129,0,13,0,1,0
Dennis Pitta,2014,BAL,TE,29,3,3,21,16,0,0,0,0,0,0,125,0,13,0,0,0
Matt Spaeth,2014,PIT,TE,31,15,8,4,3,0,0,0,0,0,0,46,1,13,0,0,0
Vincent Brown,2014,OAK,WR,25,7,0,21,12,0,0,0,0,0,0,118,0,12,0,0,0
Chase Coffman,2014,TEN,TE,28,13,3,14,6,0,0,0,0,0,0,64,1,12,0,0,0
Jed Collins,2014,DET,RB,28,16,2,6,5,0,0,0,19,0,8,39,1,12,0,0,0
John Conner,2014,NYJ,RB,27,12,3,3,2,0,0,0,20,0,6,35,1,12,0,0,0
Patrick DiMarco,2014,ATL,RB,25,16,7,14,9,0,0,0,0,0,0,62,1,12,0,0,0
Jonathan Dwyer,2014,ARI,RB,25,2,0,3,2,0,0,0,51,1,16,8,0,12,0,0,0
Jimmy Garoppolo,2014,NWE,QB,23,6,0,0,0,182,1,27,9,0,10,0,0,12,0,0,0
Robert Herron,2014,TAM,WR,22,8,0,12,6,0,0,0,0,0,1,58,1,12,0,0,0
Johnny Manziel,2014,CLE,QB,22,5,2,0,0,175,0,35,29,1,9,0,0,12,2,1,0
Santana Moss,2014,WAS,WR,35,10,0,15,10,0,0,0,0,0,0,116,0,12,0,0,0
Logan Paulsen,2014,WAS,TE,27,16,12,16,13,0,0,0,0,0,0,78,1,12,0,1,1
Christian Ponder,2014,MIN,QB,26,2,1,0,0,222,0,44,16,1,4,0,0,12,2,0,0
Dante Rosario,2014,CHI,TE,30,16,3,22,16,0,0,0,0,0,0,116,0,12,0,1,1
James Wright,2014,CIN,WR,23,11,0,16,5,0,0,0,30,0,3,91,0,12,0,0,0
Ronnie Brown,2014,2TM,RB,33,10,0,8,5,0,0,0,63,0,20,44,0,11,0,0,0
Derek Carrier,2014,SFO,TE,24,11,1,14,9,0,0,0,2,0,1,105,0,11,0,1,0
Chris Gragg,2014,BUF,TE,24,10,5,10,7,0,0,0,0,0,0,48,1,11,0,0,0
Junior Hemingway,2014,KAN,WR,26,14,1,22,12,0,0,0,0,0,0,108,0,11,0,0,0
Robert Meachem,2014,NOR,WR,30,11,2,20,7,0,0,0,0,0,0,114,0,11,0,0,0
Chris Ogbonnaya,2014,2TM,RB,28,7,0,1,0,0,0,0,50,1,14,0,0,11,0,0,0
Darrin Reaves,2014,CAR,RB,21,6,1,8,5,0,0,0,78,0,31,31,0,11,0,0,0
Adrien Robinson,2014,NYG,TE,26,16,1,7,5,0,0,0,0,0,0,50,1,11,0,0,0
Corey Washington,2014,NYG,WR,23,14,0,8,5,0,0,0,0,0,0,52,1,11,0,0,0
Jackie Battle,2014,TEN,RB,31,16,1,5,5,0,0,0,9,1,5,28,0,10,0,0,0
Austin Johnson,2014,NOR,RB,25,7,1,2,2,0,0,0,22,0,8,15,1,10,0,0,0
Brian Leonhardt,2014,OAK,TE,24,12,3,8,6,0,0,0,0,0,0,35,1,10,0,0,0
Denarius Moore,2014,OAK,WR,26,10,2,27,12,0,0,0,1,0,1,115,0,10,0,1,1
Kevin Norwood,2014,SEA,WR,25,9,2,10,9,0,0,0,0,0,0,102,0,10,0,0,0
Lee Smith,2014,BUF,WR,27,14,10,8,7,0,0,0,0,0,0,42,1,10,0,0,0
Chris Thompson,2014,WAS,RB,24,2,0,7,6,0,0,0,12,0,3,27,1,10,0,0,0
Derrick Coleman,2014,SEA,RB,24,5,1,2,2,0,0,0,0,0,0,29,1,9,0,0,0
Jerome Felton,2014,MIN,RB,28,16,3,2,0,0,0,0,27,0,4,0,0,9,0,0,0
C.J. Fiedorowicz,2014,HOU,TE,23,15,8,7,4,0,0,0,0,0,0,28,1,9,0,0,0
Cyrus Gray,2014,KAN,RB,25,9,0,0,0,0,0,0,31,1,8,0,0,9,0,0,0
Ryan Hewitt,2014,CIN,TE,23,16,11,15,10,0,0,0,0,0,1,86,0,9,0,0,0
A.J. Jenkins,2014,KAN,WR,25,9,2,15,9,0,0,0,-2,0,2,93,0,9,0,1,0
Adrian Peterson,2014,MIN,RB,29,1,1,3,2,0,0,0,75,0,21,18,0,9,0,0,0
Zach Sudfeld,2014,NYJ,TE,25,16,3,7,5,0,0,0,0,0,0,85,0,9,0,0,0
Frank Summers,2014,BUF,RB,29,10,6,8,5,0,0,0,17,1,6,9,0,9,0,0,0
Chase Daniel,2014,KAN,QB,28,3,1,0,0,157,0,28,15,0,4,0,0,8,0,0,0
DuJuan Harris,2014,GNB,RB,26,15,0,2,1,0,0,0,64,0,16,11,0,8,0,0,0
Dwayne Harris,2014,DAL,WR,27,16,0,12,7,0,0,0,7,0,4,116,0,8,0,4,2
Nic Jacobs,2014,JAX,TE,23,13,4,3,2,0,0,0,0,0,0,16,1,8,0,0,0
Keshawn Martin,2014,HOU,WR,24,16,0,12,6,0,0,0,0,0,0,78,0,8,0,0,0
Zach Miller,2014,SEA,TE,29,3,3,7,6,0,0,0,0,0,0,76,0,8,0,0,0
Dane Sanzenbacher,2014,CIN,WR,26,10,1,15,9,0,0,0,-1,0,1,105,0,8,0,1,1
Will Ta'ufo'ou,2014,JAX,RB,28,16,4,8,7,0,0,0,0,0,0,81,0,8,0,0,0
Justin Brown,2014,PIT,WR,23,8,1,21,12,0,0,0,0,0,0,94,0,7,0,1,1
Mike Brown,2014,JAX,WR,25,5,1,15,7,0,0,0,0,0,0,88,0,7,0,1,1
Darren Fells,2014,ARI,TE,28,10,5,12,5,0,0,0,0,0,0,71,0,7,0,0,0
Ryan Grant,2014,WAS,WR,24,16,2,15,7,0,0,0,0,0,0,68,0,7,0,0,0
Santonio Holmes,2014,CHI,WR,30,9,2,14,8,0,0,0,0,0,0,67,0,7,0,1,0
Greg Little,2014,CIN,WR,25,6,1,12,6,0,0,0,0,0,0,69,0,7,0,0,0
Erik Lorig,2014,NOR,RB,28,10,6,10,9,0,0,0,4,0,3,27,1,7,0,1,1
David Nelson,2014,NYJ,WR,28,6,5,16,8,0,0,0,0,0,0,65,0,7,0,2,0
Cedric Peerman,2014,CIN,RB,28,16,0,5,3,0,0,0,43,0,15,27,0,7,0,1,0
Brandon Pettigrew,2014,DET,TE,29,14,9,15,10,0,0,0,0,0,0,70,0,7,0,0,0
Logan Thomas,2014,ARI,QB,23,2,0,0,0,81,1,9,0,0,0,0,0,7,0,0,0
George Winn,2014,DET,RB,24,12,0,3,0,0,0,0,73,0,19,0,0,7,0,0,0
Danny Woodhead,2014,SDG,RB,29,3,0,6,5,0,0,0,38,0,15,34,0,7,0,0,0
Dri Archer,2014,PIT,WR,23,12,0,10,7,0,0,0,40,0,10,23,0,6,0,0,0
Brandon Bostick,2014,GNB,TE,25,13,0,4,2,0,0,0,0,0,0,3,1,6,0,0,0
Blaine Gabbert,2014,SFO,QB,25,1,0,0,0,38,1,7,5,0,1,0,0,6,0,0,0
Jorvorskie Lane,2014,TAM,TE,27,9,4,1,1,0,0,0,58,0,3,3,0,6,0,0,0
Brock Osweiler,2014,DEN,QB,24,4,0,0,0,52,1,10,0,0,8,0,0,6,0,0,0
Michael Palmer,2014,PIT,TE,26,15,1,2,1,0,0,0,0,0,0,1,1,6,0,0,0
Bear Pascoe,2014,ATL,TE,28,16,2,2,2,0,0,0,0,0,0,3,1,6,0,0,0
John Phillips,2014,SDG,TE,27,16,1,1,1,0,0,0,0,0,0,1,1,6,0,0,0
Russell Shepard,2014,TAM,WR,24,16,0,8,4,0,0,0,0,0,0,63,0,6,0,0,0
Bryan Walters,2014,SEA,WR,27,13,0,11,6,0,0,0,-2,0,1,57,0,6,0,0,0
James White,2014,NWE,RB,22,3,0,5,5,0,0,0,38,0,9,23,0,6,0,0,0
Seyi Ajirotutu,2014,SDG,WR,27,16,1,12,4,0,0,0,0,0,0,45,0,5,0,0,0
Andre Caldwell,2014,DEN,WR,29,16,2,15,5,0,0,0,0,0,0,47,0,5,0,0,0
Garrett Celek,2014,SFO,TE,26,3,1,2,2,0,0,0,0,0,0,53,0,5,0,0,0
James Develin,2014,NWE,TE,26,16,4,8,6,0,0,0,5,0,3,43,0,5,0,1,0
Kris Durham,2014,TEN,WR,26,4,0,11,6,0,0,0,0,0,0,54,0,5,0,0,0
Marquise Goodwin,2014,BUF,WR,24,10,0,9,1,0,0,0,8,0,3,42,0,5,0,1,0
Frankie Hammond,2014,KAN,WR,24,16,3,11,4,0,0,0,0,0,0,45,0,5,0,0,0
James Hanna,2014,DAL,TE,25,16,12,6,4,0,0,0,0,0,0,48,0,5,0,0,0
Jeff Maehl,2014,PHI,WR,25,8,0,5,5,0,0,0,0,0,0,46,0,5,0,0,0
Matt McGloin,2014,OAK,QB,25,1,0,0,0,129,1,19,3,0,2,0,0,5,2,0,0
Kevin Ogletree,2014,NYG,WR,27,7,0,9,5,0,0,0,0,0,0,50,0,5,0,0,0
Trey Watts,2014,STL,RB,23,14,0,4,3,0,0,0,30,0,7,18,0,5,0,0,0
Chris Williams,2014,CHI,WR,27,7,0,,0,0,0,0,-8,0,1,0,0,5,0,0,0
Michael Cox,2014,NYG,RB,26,4,0,3,2,0,0,0,33,0,4,9,0,4,0,0,0
Aaron Dobson,2014,NWE,WR,23,4,1,5,3,0,0,0,0,0,0,38,0,4,0,0,0
Tyler Eifert,2014,CIN,TE,24,1,1,3,3,0,0,0,0,0,0,37,0,4,0,0,0
Michael Hoomanawanui,2014,NWE,TE,26,16,12,6,3,0,0,0,0,0,0,44,0,4,0,0,0
Jerrel Jernigan,2014,NYG,WR,25,2,1,9,6,0,0,0,-2,0,1,40,0,4,0,0,0
Will Johnson,2014,PIT,RB,25,16,5,9,6,0,0,0,0,0,2,41,0,4,0,0,0
Troy Niklas,2014,ARI,TE,22,7,2,3,3,0,0,0,0,0,0,38,0,4,0,0,0
Quinton Patton,2014,SFO,WR,24,4,0,8,3,0,0,0,20,0,1,44,0,4,0,1,1
Ace Sanders,2014,JAX,WR,23,12,0,7,6,0,0,0,0,0,0,55,0,4,0,2,1
Connor Shaw,2014,CLE,QB,23,1,1,0,0,177,0,28,9,0,7,0,0,4,1,1,1
Luke Stocker,2014,TAM,TE,26,13,7,11,7,0,0,0,0,0,0,41,0,4,0,0,0
Fitzgerald Toussaint,2014,BAL,RB,24,4,0,6,3,0,0,0,12,0,6,27,0,4,0,0,0
Brandon Williams,2014,CAR,TE,27,14,0,8,4,0,0,0,0,0,0,44,0,4,0,0,0
Tommy Bohanon,2014,NYJ,RB,24,4,2,2,2,0,0,0,3,0,1,30,0,3,0,0,0
Ryan Broyles,2014,DET,WR,26,5,0,5,2,0,0,0,0,0,0,25,0,3,0,0,0
Mike James,2014,TAM,RB,23,11,0,1,1,0,0,0,37,0,19,-5,0,3,0,0,0
DeVier Posey,2014,HOU,WR,24,1,1,1,1,0,0,0,0,0,0,30,0,3,0,0,0
Alfonso Smith,2014,SFO,RB,27,6,0,4,3,0,0,0,19,0,7,11,0,3,0,0,0
Craig Stevens,2014,TEN,TE,30,5,4,2,2,0,0,0,0,0,0,26,0,3,0,0,0
Phillip Supernaw,2014,2TM,TE,24,8,1,3,3,0,0,0,0,0,0,30,0,3,0,0,0
Ray Agnew,2014,CLE,RB,23,12,9,9,3,0,0,0,2,0,2,15,0,2,0,0,0
Jarrett Boykin,2014,GNB,WR,25,13,3,12,3,0,0,0,0,0,0,23,0,2,0,0,0
Cameron Brate,2014,TAM,TE,23,5,1,1,1,0,0,0,0,0,0,17,0,2,0,0,0
Kevin Brock,2014,CIN,TE,28,14,2,6,5,0,0,0,0,0,0,21,0,2,0,0,0
Shaun Draughn,2014,3TM,RB,27,10,0,0,0,0,0,0,19,0,10,0,0,2,0,0,0
Demetrius Harris,2014,KAN,TE,23,8,3,5,3,0,0,0,0,0,0,20,0,2,0,0,0
Josh Harris,2014,PIT,RB,23,5,0,0,0,0,0,0,16,0,9,0,0,2,0,0,0
Gator Hoskins,2014,2TM,TE,23,15,0,4,3,0,0,0,0,0,0,21,0,2,0,0,0
Jeff Janis,2014,GNB,WR,23,3,0,2,2,0,0,0,0,0,0,16,0,2,0,0,0
Cody Latimer,2014,DEN,WR,22,8,0,4,2,0,0,0,0,0,0,23,0,2,0,0,0
Brian Leonard,2014,NOR,RB,30,1,0,1,1,0,0,0,0,0,0,15,0,2,0,0,0
Ryan Nassib,2014,NYG,QB,24,4,0,0,0,60,0,5,-3,0,2,0,0,2,0,1,0
Solomon Patton,2014,2TM,WR,24,13,0,0,0,0,0,0,19,0,1,0,0,2,0,1,0
Jay Prosch,2014,HOU,RB,22,16,5,4,1,0,0,0,0,0,0,24,0,2,0,0,0
Matt Simms,2014,NYJ,QB,26,1,0,0,0,39,0,8,2,0,1,0,0,2,0,0,0
Jeremy Stewart,2014,DEN,RB,25,6,0,0,0,0,0,0,22,0,6,0,0,2,0,0,0
Devin Street,2014,DAL,WR,23,16,0,7,2,0,0,0,0,0,0,18,0,2,0,0,0
Taylor Thompson,2014,TEN,TE,25,3,1,4,2,0,0,0,0,0,0,24,0,2,0,0,0
Joe Webb,2014,CAR,QB,28,7,0,3,1,0,0,0,0,0,0,16,0,2,0,0,0
Antonio Andrews,2014,TEN,RB,22,4,0,2,2,0,0,0,0,0,0,11,0,1,0,0,0
David Ausberry,2014,OAK,TE,27,6,0,4,2,0,0,0,0,0,0,14,0,1,0,0,0
Trey Burton,2014,PHI,TE,23,15,0,0,0,0,0,0,10,0,5,0,0,1,0,0,0
Jason Campbell,2014,CIN,QB,33,4,0,0,0,74,0,19,1,0,1,0,0,1,0,1,1
Josh Cribbs,2014,IND,WR,31,6,0,1,1,0,0,0,0,0,0,8,0,1,0,2,0
Darrius Heyward-Bey,2014,PIT,WR,27,16,1,5,3,0,0,0,0,0,0,33,0,1,0,1,1
Henry Hynoski,2014,NYG,RB,26,16,4,0,0,0,0,0,13,0,7,0,0,1,0,0,0
LaMichael James,2014,2TM,RB,25,3,0,1,0,0,0,0,9,0,5,0,0,1,0,0,0
Marcel Jensen,2014,JAX,TE,24,1,0,1,1,0,0,0,0,0,0,8,0,1,0,0,0
Tavarres King,2014,TAM,WR,24,2,0,3,2,0,0,0,0,0,0,13,0,1,0,0,0
Vance McDonald,2014,SFO,TE,24,8,4,8,2,0,0,0,0,0,0,30,0,1,0,1,1
Matt Moore,2014,MIA,QB,30,2,0,0,0,21,0,4,-2,0,2,0,0,1,0,0,0
Courtney Roby,2014,ATL,WR,31,4,0,2,1,0,0,0,0,0,0,11,0,1,0,0,0
Brad Smith,2014,PHI,WR,31,13,0,3,1,0,0,0,0,0,0,11,0,1,0,0,0
Micheal Spurlock,2014,CHI,WR,31,1,0,3,1,0,0,0,0,0,0,8,0,1,0,0,0
Will Tukuafu,2014,SEA,RB,30,9,2,2,1,0,0,0,2,0,1,4,0,1,0,0,0
Damian Williams,2014,2TM,WR,26,3,0,1,1,0,0,0,0,0,0,14,0,1,0,0,0
T.J. Yates,2014,ATL,QB,27,1,0,0,0,64,0,4,0,0,0,0,0,1,1,0,0
Rashaun Allen,2014,SEA,,25,1,0,,0,0,0,0,0,0,0,0,0,,0,,
Blake Annen,2014,CHI,,23,5,0,,0,0,0,0,0,0,0,0,0,,0,,
George Atkinson,2014,OAK,,22,5,0,0,0,0,0,0,0,0,0,0,0,,0,0,0
Edwin Baker,2014,NOR,RB,23,3,0,0,0,0,0,0,2,0,1,0,0,,0,0,0
Matt Barkley,2014,PHI,QB,24,1,0,0,0,0,0,1,0,0,3,0,0,,0,0,0
Phil Bates,2014,SEA,,25,1,0,,0,0,0,0,0,0,0,0,0,,0,,
Alex Bayer,2014,STL,,24,6,0,,0,0,0,0,0,0,0,0,0,,0,0,0
Josh Bellamy,2014,CHI,,25,4,0,1,0,0,0,0,0,0,0,0,0,,0,,0
Josh Boyce,2014,NWE,,23,1,0,,0,0,0,0,0,0,0,0,0,,0,,
Allen Bradford,2014,SEA,,26,1,0,,0,0,0,0,0,0,0,0,0,,0,,
LaRon Byrd,2014,CLE,,25,1,0,,0,0,0,0,0,0,0,0,0,,0,,
Kellen Clemens,2014,SDG,QB,31,2,0,0,0,10,0,3,0,0,0,0,0,,0,0,0
Asante Cleveland,2014,SFO,,22,6,0,1,0,0,0,0,0,0,0,0,0,,0,,0
Tyler Clutts,2014,DAL,RB,30,16,1,1,1,0,0,0,0,0,0,1,0,,0,0,0
Kellen Davis,2014,DET,,29,6,0,3,0,0,0,0,0,0,0,0,0,,0,,0
Anthony Denham,2014,HOU,,23,4,0,0,0,0,0,0,0,0,0,0,0,,0,,0
Kevin Dorsey,2014,GNB,WR,24,3,0,2,1,0,0,0,0,0,0,4,0,,0,0,0
Quincy Enunwa,2014,NYJ,,22,1,0,,0,0,0,0,0,0,0,0,0,,0,,
Tony Fiammetta,2014,CHI,,28,1,0,,0,0,0,0,0,0,0,0,0,,0,,
Richard Gordon,2014,2TM,,27,5,3,1,0,0,0,0,0,0,0,0,0,,0,,0
Bruce Gradkowski,2014,PIT,QB,31,1,0,0,0,0,0,0,-2,0,2,0,0,,0,0,0
Saalim Hakim,2014,NYJ,,24,16,0,0,0,0,0,0,0,0,0,0,0,,0,0,0
Leonard Hankerson,2014,WAS,,25,1,0,1,0,0,0,0,0,0,0,0,0,,0,,0
Clark Harris,2014,CIN,,30,16,0,,0,0,0,0,0,0,0,0,0,,0,,0
Trindon Holliday,2014,2TM,,28,2,0,,0,0,0,0,0,0,0,0,0,,0,1,0
Tarvaris Jackson,2014,SEA,QB,31,1,0,0,0,0,0,1,0,0,0,0,0,,0,0,0
David Johnson,2014,SDG,TE,27,14,2,,1,0,0,0,0,0,0,4,0,,0,0,0
Dominique Jones,2014,DEN,,27,1,0,,0,0,0,0,0,0,0,0,0,,0,,
Taiwan Jones,2014,OAK,,26,1,0,,0,0,0,0,0,0,0,0,0,,0,,
Mike Leach,2014,ARI,,38,16,0,,0,0,0,0,0,0,0,0,0,,0,,0
Zach Line,2014,MIN,,24,1,0,,0,0,0,0,0,0,0,0,0,,0,,
Marc Mariani,2014,CHI,,27,6,0,,0,0,0,0,0,0,0,0,0,,0,0,0
Freddie Martino,2014,ATL,,23,1,0,1,0,0,0,0,0,0,0,0,0,,0,,0
Onterio McCalebb,2014,CIN,,25,1,0,,0,0,0,0,0,0,0,0,0,,0,,
Luke McCown,2014,NOR,,33,16,0,,0,0,0,0,0,0,0,0,0,,0,,
Keavon Milton,2014,SEA,,24,1,0,,0,0,0,0,0,0,0,0,0,,0,,
Marlon Moore,2014,CLE,,27,13,0,0,0,0,0,0,0,0,0,0,0,,0,0,0
Matthew Mulligan,2014,2TM,,29,4,2,0,0,0,0,0,0,0,0,0,0,,0,,
Kassim Osgood,2014,SFO,,34,13,0,1,0,0,0,0,0,0,0,0,0,,0,0,0
Montell Owens,2014,2TM,,30,6,0,,0,0,0,0,0,0,0,0,0,,0,,0
Jordan Palmer,2014,TEN,QB,30,1,0,0,0,7,0,3,-1,0,1,0,0,,0,0,0
Chris Pantale,2014,NYJ,,24,5,0,,0,0,0,0,0,0,0,0,0,,0,0,0
Jalen Parmele,2014,ARI,RB,29,1,0,0,0,0,0,0,0,0,1,0,0,,0,0,0
Justin Perillo,2014,GNB,,23,2,0,,0,0,0,0,0,0,0,0,0,,0,,
Senorise Perry,2014,CHI,RB,23,16,0,1,1,0,0,0,0,0,0,-1,0,,0,0,0
De'Andre Presley,2014,CAR,WR,24,4,0,1,0,0,0,0,-2,0,1,0,0,,0,0,0
Rico Richardson,2014,TEN,,23,1,0,,0,0,0,0,0,0,0,0,0,,0,,
Gerell Robinson,2014,2TM,,25,3,0,1,0,0,0,0,0,0,0,0,0,,0,,0
Evan Rodriguez,2014,TAM,,26,1,0,,0,0,0,0,0,0,0,0,0,,0,,
Rashad Ross,2014,2TM,,24,4,0,,0,0,0,0,0,0,0,0,0,,0,0,0
Weslye Saunders,2014,IND,,25,1,0,,0,0,0,0,0,0,0,0,0,,0,,
Tom Savage,2014,HOU,QB,24,2,0,0,0,127,0,19,-6,0,6,0,0,,1,2,1
Mickey Shuler,2014,JAX,,28,3,1,3,0,0,0,0,0,0,0,0,0,,0,,0
Scott Simonson,2014,OAK,,22,4,0,,0,0,0,0,0,0,0,0,0,,0,,0
Matthew Slater,2014,NWE,,29,16,0,,0,0,0,0,0,0,0,0,0,,0,0,0
Kiero Small,2014,CLE,,25,3,3,,0,0,0,0,0,0,0,0,0,,0,,
Alex Smith,2014,CIN,,32,2,0,,0,0,0,0,0,0,0,0,0,,0,,
Jerome Smith,2014,ATL,,23,1,0,,0,0,0,0,0,0,0,0,0,,0,,
Rodney Smith,2014,2TM,,24,4,0,1,0,0,0,0,0,0,0,0,0,,0,,0
Nate Solder,2014,NWE,,26,16,16,0,0,0,0,0,0,0,0,0,0,,0,0,0
Tommy Streeter,2014,JAX,,25,2,0,1,0,0,0,0,0,0,0,0,0,,0,,0
Julian Talley,2014,NYG,,25,2,0,,0,0,0,0,0,0,0,0,0,,0,,
Phillip Tanner,2014,SFO,,26,2,0,0,0,0,0,0,0,0,0,0,0,,0,,
Ryan Taylor,2014,2TM,,27,13,0,0,0,0,0,0,0,0,0,0,0,,0,,0
Tyrod Taylor,2014,BAL,QB,25,1,0,0,0,0,0,0,-3,0,4,0,0,,0,0,0
Deonte Thompson,2014,BUF,,25,1,0,,0,0,0,0,0,0,0,0,0,,0,,
Jordan Thompson,2014,DET,,25,2,0,1,0,0,0,0,0,0,0,0,0,,0,,0
Charcandrick West,2014,KAN,,23,6,0,1,0,0,0,0,0,0,0,0,0,,0,,0
Griff Whalen,2014,IND,WR,24,10,0,3,2,0,0,0,0,0,0,23,0,,0,2,1
Chris Williams,2014,BUF,,29,3,3,0,0,0,0,0,0,0,0,0,0,,0,,
George Wilson,2014,TEN,,33,16,10,0,0,0,0,0,0,0,0,0,0,,0,0,0
Glenn Winston,2014,CLE,,25,5,0,0,0,0,0,0,0,0,0,0,0,,0,,
Jalen Saunders,2014,4TM,WR,22,15,0,1,1,0,0,0,0,0,0,7,0,-1,0,2,1
Isaiah Burse,2014,DEN,,23,12,0,1,0,0,0,0,0,0,0,0,0,-2,0,3,1
Matt Flynn,2014,GNB,QB,29,7,0,0,0,66,0,16,-10,0,10,0,0,-2,1,1,1
Tauren Poole,2014,3TM,RB,25,3,0,0,0,0,0,0,0,0,1,0,0,-2,0,1,1
Walt Powell,2014,NYJ,,23,4,0,0,0,0,0,0,0,0,0,0,0,-2,0,1,1
Matt Schaub,2014,OAK,QB,33,11,0,0,0,57,0,10,0,0,0,0,0,-4,2,3,1
